City_ID,City,Cloudiness,Country,Date,Humidity,Lat,Lng,Max Temp,Wind Speed
0,fare,0,PF,1538263224,100,-16.7,-151.02,77.5,6.4
1,khash,0,IR,1538263224,34,28.22,61.21,42.67,2.59
2,albany,20,US,1538261460,53,42.65,-73.75,60.98,4.7
3,qaanaaq,68,GL,1538262629,100,77.48,-69.36,16.75,4.38
4,rikitea,24,PF,1538262603,100,-23.12,-134.97,73.09,12.21
5,vaini,20,IN,1538262615,94,15.34,74.49,68.32,2.37
6,busselton,0,AU,1538262634,100,-33.64,115.35,56.8,17.58
7,castro,56,CL,1538262636,96,-42.48,-73.76,37.81,8.08
8,kaitangata,44,NZ,1538262660,96,-46.28,169.85,51.04,4.16
9,payo,8,ID,1538263226,66,-3.75,103.64,77.86,7.18
10,shingu,75,JP,1538260800,83,33.72,135.99,78.8,11.41
11,chokurdakh,92,RU,1538262530,96,70.62,147.9,32.86,16.46
12,preobrazheniye,8,RU,1538263227,69,42.9,133.91,56.98,1.92
13,arraial do cabo,75,BR,1538258400,88,-22.97,-42.02,73.4,6.93
14,punta arenas,75,CL,1538258400,86,-53.16,-70.91,37.4,4.7
15,ancud,12,CL,1538262708,79,-41.87,-73.83,39.52,8.41
16,grindavik,75,IS,1538260200,74,63.84,-22.43,37.4,16.11
17,mataura,68,NZ,1538262603,100,-46.19,168.86,50.68,4.38
18,atuona,92,PF,1538262448,100,-9.8,-139.03,78.04,9.75
19,jamestown,20,AU,1538262651,36,-33.21,138.6,57.25,14.12
20,sal rei,40,CV,1538262000,74,16.18,-22.92,78.8,9.17
21,hobart,20,AU,1538260200,47,-42.88,147.33,57.2,17.22
22,cidreira,0,BR,1538262887,78,-30.17,-50.22,72.82,14.67
23,boleslawiec,0,PL,1538263230,83,51.26,15.57,31.24,2.93
24,lebu,40,ET,1538258400,66,8.96,38.73,53.6,2.24
25,georgetown,20,GY,1538258400,78,6.8,-58.16,82.4,9.17
26,siguiri,64,GN,1538263230,99,11.42,-9.17,69.58,3.94
27,hermanus,8,ZA,1538262422,78,-34.42,19.24,44.2,2.71
28,tabou,76,CI,1538263231,100,4.42,-7.36,78.04,12.44
29,taltal,0,CL,1538263231,88,-25.41,-70.49,57.88,1.92
30,barrow,0,AR,1538262614,90,-38.31,-60.23,50.77,9.08
31,laguna,40,MX,1538260920,55,27.52,-110.01,87.8,12.75
32,new norfolk,20,AU,1538260200,47,-42.78,147.06,57.2,17.22
33,saldanha,44,PT,1538262660,76,41.42,-6.55,59.05,3.15
34,launceston,0,AU,1538260200,76,-41.43,147.14,48.2,11.41
35,viedma,0,AR,1538262732,56,-40.81,-62.99,57.79,16.02
36,norman wells,20,CA,1538258400,55,65.28,-126.83,39.2,13.87
37,labuhan,0,ID,1538263234,79,-2.54,115.51,79.12,2.37
38,ilinskiy,0,RU,1538260200,86,55.62,38.12,33.8,6.71
39,rawson,80,AR,1538262500,27,-43.3,-65.11,62.11,18.81
40,saint-augustin,0,FR,1538262000,67,44.83,-0.61,59.0,4.7
41,itarema,8,BR,1538262995,82,-2.92,-39.92,78.04,15.01
42,cherskiy,68,RU,1538262665,88,68.75,161.3,38.89,4.05
43,mahebourg,40,MU,1538258400,83,-20.41,57.7,69.8,12.75
44,comodoro rivadavia,40,AR,1538258400,61,-45.87,-67.48,48.2,18.34
45,ushuaia,90,AR,1538258400,80,-54.81,-68.31,33.8,23.04
46,itaituba,0,BR,1538263236,65,-4.26,-55.99,84.52,4.16
47,russkaya polyana,0,RU,1538263236,57,53.78,73.88,49.42,10.98
48,vila velha,40,BR,1538258400,78,-3.71,-38.6,80.6,9.17
49,majenang,56,ID,1538263236,92,-7.3,108.76,71.2,3.38
50,namibe,32,AO,1538262666,98,-15.19,12.15,69.13,1.48
51,leningradskiy,48,RU,1538262703,82,69.38,178.42,44.92,20.6
52,kavaratti,36,IN,1538262898,100,10.57,72.64,80.74,6.4
53,cabo san lucas,75,MX,1538257380,74,22.89,-109.91,86.0,9.17
54,christchurch,68,NZ,1538262000,87,-43.53,172.64,50.0,3.36
55,palmerston,90,CA,1538262000,57,43.83,-80.85,51.8,8.05
56,mar del plata,48,AR,1538262039,55,-46.43,-67.52,46.0,18.81
57,severo-kurilsk,8,RU,1538262473,88,50.68,156.12,52.57,6.62
58,longyearbyen,20,NO,1538257800,79,78.22,15.63,19.4,10.29
59,bluff,0,AU,1538262607,44,-23.58,149.07,78.85,9.98
60,pevek,32,RU,1538262746,78,69.7,170.27,50.14,13.11
61,flin flon,75,CA,1538262000,69,54.77,-101.88,33.8,17.22
62,deputatskiy,68,RU,1538262786,88,69.3,139.9,25.93,3.94
63,port-gentil,40,GA,1538258400,94,-0.72,8.78,78.8,8.05
64,iskateley,0,RU,1538262644,94,67.68,53.15,37.27,23.51
65,upernavik,92,GL,1538262473,100,72.79,-56.15,34.75,16.8
66,tandalti,0,SD,1538263240,59,13.01,31.87,76.69,5.06
67,khatanga,8,RU,1538262691,88,71.98,102.47,41.77,13.0
68,qaqortoq,92,GL,1538261400,51,60.72,-46.03,37.4,4.7
69,barisal,8,BD,1538263241,95,22.7,90.37,80.65,3.6
70,brigham city,1,US,1538261580,2,41.51,-112.02,84.92,11.41
71,teya,40,MX,1538257680,59,21.05,-89.07,89.6,9.17
72,yinchuan,0,CN,1538263243,70,38.48,106.21,37.9,2.93
73,denia,0,ES,1538263074,100,38.84,0.11,71.47,11.54
74,kushima,75,JP,1538260920,94,31.5,131.29,78.8,41.38
75,dinan,0,FR,1538262000,87,48.45,-2.05,50.0,2.24
76,east london,32,ZA,1538262646,100,-33.02,27.91,65.53,22.28
77,hambantota,88,LK,1538262449,100,6.12,81.12,77.14,8.41
78,melfi,0,IT,1538263244,71,41.0,15.66,55.63,7.07
79,sinnamary,0,GF,1538262556,96,5.38,-52.96,82.0,13.44
80,coxim,12,BR,1538263245,67,-18.5,-54.75,78.85,2.93
81,inongo,76,CD,1538263245,98,-1.93,18.29,71.74,2.48
82,sisimiut,88,GL,1538263245,89,66.94,-53.67,29.44,1.92
83,kapaa,90,US,1538260620,84,22.08,-159.32,80.06,18.34
84,prince rupert,1,CA,1538262000,22,54.32,-130.32,66.2,9.17
85,deniliquin,0,AU,1538263246,80,-35.53,144.96,56.71,5.39
86,sao miguel do araguaia,0,BR,1538263246,68,-13.28,-50.16,82.18,7.07
87,kalmunai,80,LK,1538263247,100,7.42,81.82,73.99,3.71
88,atar,20,MR,1538263247,66,20.52,-13.05,74.8,5.39
89,sembakung,92,ID,1538263247,100,3.82,117.25,74.08,3.04
90,presidencia roque saenz pena,100,AR,1538263248,83,-26.79,-60.44,74.62,6.73
91,benguela,0,AO,1538262966,100,-12.58,13.4,69.31,3.38
92,ubala,0,YE,1538263248,87,13.89,44.44,49.06,0.58
93,sept-iles,20,CA,1538262000,60,50.2,-66.38,42.8,6.93
94,hameenlinna,75,FI,1538261400,93,61.0,24.46,44.6,9.17
95,panjab,0,AF,1538263249,80,34.38,67.02,24.94,1.92
96,vao,92,EE,1538262776,100,59.1,26.19,43.39,15.79
97,hithadhoo,64,MV,1538262678,100,-0.6,73.08,82.0,12.77
98,harper,40,US,1538261700,74,30.3,-99.24,80.96,5.82
99,kouroussa,68,GN,1538263250,99,10.65,-9.88,69.58,5.5
100,alice springs,0,AU,1538262000,28,-23.7,133.88,68.0,17.22
101,khani,0,GE,1538260200,93,41.96,42.96,59.0,6.93
102,port alfred,0,ZA,1538262633,89,-33.59,26.89,63.37,20.6
103,tchibanga,24,GA,1538263251,98,-2.92,11.0,69.94,2.59
104,paamiut,92,GL,1538263251,100,61.99,-49.67,38.8,22.62
105,muscatine,90,US,1538262900,87,41.42,-91.04,55.04,8.05
106,pisco,0,PE,1538258400,30,-13.71,-76.2,71.6,17.22
107,anuradhapura,48,LK,1538263253,99,8.34,80.41,71.47,4.72
108,cape town,0,ZA,1538258400,87,-33.93,18.42,55.4,1.12
109,mongo,92,CF,1538263253,100,4.83,22.92,68.86,3.04
110,roald,92,NO,1538261400,76,62.58,6.12,50.0,27.51
111,sioux lookout,90,CA,1538258400,64,50.1,-91.92,39.2,8.05
112,berberati,56,CF,1538263254,97,4.26,15.79,68.77,5.73
113,belyy yar,48,RU,1538260200,100,53.6,91.39,39.2,4.47
114,rodrigues alves,75,BR,1538258400,59,-7.74,-72.65,89.6,1.7
115,san patricio,12,PY,1538262627,56,-26.98,-56.83,83.44,5.73
116,hasaki,75,JP,1538261040,100,35.73,140.83,69.8,10.29
117,monte patria,80,CL,1538263255,86,-30.69,-70.96,47.35,1.92
118,cockburn town,80,TC,1538262784,97,21.46,-71.14,83.71,17.81
119,victoria,75,BN,1538260200,94,5.28,115.24,78.8,2.24
120,san cristobal,75,EC,1538258400,42,-0.39,-78.55,68.0,20.8
121,puerto ayora,0,EC,1538258400,69,-0.74,-90.35,78.8,19.46
122,sur,0,OM,1538262709,92,22.57,59.53,83.44,8.52
123,yumen,80,CN,1538263257,38,40.29,97.04,45.19,4.5
124,nishihara,90,JP,1538261760,96,35.74,139.53,66.2,9.17
125,salta,40,AR,1538258400,23,-24.79,-65.41,89.6,8.05
126,ribeira grande,44,PT,1538262839,100,38.52,-28.7,70.84,19.6
127,san jeronimo,48,PE,1538263258,38,-13.65,-73.37,53.83,2.15
128,darien,90,US,1538262900,53,41.75,-87.98,57.38,5.82
129,nikolskoye,0,RU,1538260200,75,59.7,30.79,42.8,11.18
130,naryan-mar,0,RU,1538263259,94,67.67,53.09,37.27,21.83
131,bulaevo,64,KZ,1538263260,83,54.91,70.44,49.6,4.5
132,codrington,92,AU,1538262657,99,-28.95,153.24,58.78,5.39
133,zhigansk,0,RU,1538263260,100,66.77,123.37,31.87,6.73
134,avera,1,US,1538261700,86,33.19,-82.53,80.6,4.7
135,dikson,88,RU,1538262629,83,73.51,80.55,42.67,24.29
136,victor harbor,0,AU,1538262000,41,-35.55,138.62,59.0,13.87
137,esperance,20,TT,1538258400,79,10.24,-61.45,84.2,8.05
138,santa maria,0,BR,1538258400,58,-29.69,-53.81,86.0,4.7
139,ilulissat,48,GL,1538261400,47,69.22,-51.1,33.8,12.75
140,nyurba,88,RU,1538263262,95,63.29,118.35,42.76,5.17
141,kavieng,8,PG,1538262030,100,-2.57,150.8,85.42,5.61
142,havelock,1,US,1538261640,76,34.88,-76.9,80.06,5.82
143,shimoda,75,JP,1538257740,88,34.7,138.93,69.8,2.24
144,payakumbuh,80,ID,1538263263,96,-0.23,100.63,71.02,3.15
145,upata,44,VE,1538263263,87,8.02,-62.41,74.8,5.5
146,butaritari,12,KI,1538262622,100,3.07,172.79,85.24,6.51
147,flinders,0,AU,1538258400,54,-34.58,150.85,53.6,8.05
148,damghan,0,IR,1538263264,69,36.17,54.34,53.74,2.71
149,along,64,IN,1538263264,91,28.17,94.8,66.7,1.7
150,saint george,90,GR,1538261400,93,39.45,22.34,57.2,13.87
151,saskylakh,80,RU,1538262437,100,71.97,114.09,31.15,12.44
152,bodden town,20,KY,1538258400,70,19.28,-81.25,87.8,11.41
153,saint-philippe,90,CA,1538261700,70,45.36,-73.48,57.2,13.56
154,fairbanks,1,US,1538261880,7,64.84,-147.72,62.24,10.29
155,xiongzhou,0,CN,1538258400,93,32.34,118.83,60.8,2.24
156,rio tuba,88,PH,1538263266,90,8.51,117.43,84.07,10.2
157,yellowknife,75,CA,1538258400,64,62.45,-114.38,33.8,12.75
158,hilo,20,US,1538258760,67,19.71,-155.08,86.0,11.41
159,brooks,48,CA,1538263267,54,50.57,-111.89,42.49,10.98
160,port elizabeth,1,US,1538261700,84,39.31,-74.98,74.48,3.36
161,tuatapere,0,NZ,1538262705,95,-46.13,167.69,51.49,3.94
162,avarua,75,CK,1538258400,69,-21.21,-159.78,75.2,5.82
163,katsuura,75,JP,1538260620,100,33.93,134.5,69.8,6.93
164,carutapera,68,BR,1538263048,81,-1.2,-46.02,80.02,11.21
165,pyapon,88,MM,1538262989,100,16.29,95.68,78.22,1.14
166,ponta do sol,76,BR,1538262623,71,-20.63,-46.0,72.37,6.4
167,chengde,0,CN,1538263269,64,40.97,117.93,45.19,6.06
168,clyde river,40,CA,1538257740,92,70.47,-68.59,17.6,12.75
169,kahului,40,US,1538261100,70,20.89,-156.47,89.06,14.99
170,port hedland,75,AU,1538260200,68,-20.31,118.58,69.8,11.41
171,husavik,48,CA,1538263270,77,50.56,-96.99,43.21,8.52
172,fort nelson,40,CA,1538262000,44,58.81,-122.69,41.0,2.24
173,la ronge,90,CA,1538261220,79,55.1,-105.3,28.4,21.92
174,tamiahua,68,MX,1538262701,100,21.28,-97.45,81.19,7.07
175,coquimbo,0,CL,1538258400,87,-29.95,-71.34,57.2,12.75
176,sao filipe,88,CV,1538262095,100,14.9,-24.5,77.32,8.41
177,hobyo,76,SO,1538262531,91,5.35,48.53,76.51,11.1
178,carnarvon,0,ZA,1538262663,14,-30.97,22.13,44.65,8.63
179,adrar,0,DZ,1538258400,31,27.87,-0.29,78.8,10.29
180,santa rosalia,0,IT,1538261700,68,38.07,13.27,66.2,2.24
181,sitka,0,US,1538262508,54,37.17,-99.65,77.32,16.58
182,farrukhnagar,12,IN,1538260200,83,28.45,76.82,78.8,6.93
183,thompson,75,CA,1538258400,80,55.74,-97.86,35.6,5.82
184,otjiwarongo,36,NA,1538258400,29,-20.46,16.65,77.0,2.24
185,tuktoyaktuk,75,CA,1538258400,86,69.44,-133.03,28.4,5.82
186,san ramon de la nueva oran,0,AR,1538263274,44,-23.13,-64.33,84.88,5.61
187,guaymas,75,MX,1538260860,70,27.92,-110.9,91.4,11.41
188,mineros,75,BO,1538258400,69,-17.12,-63.23,78.8,16.11
189,bredasdorp,12,ZA,1538258400,77,-34.53,20.04,60.8,9.17
190,butembo,64,CD,1538263275,96,0.12,29.29,59.77,2.04
191,tsagan aman,36,RU,1538263275,85,47.57,46.72,54.1,7.74
192,lasa,20,CY,1538262000,53,34.92,32.53,77.0,10.29
193,phan thiet,44,VN,1538262783,100,10.93,108.1,80.47,3.38
194,ulagan,0,RU,1538263276,79,50.63,87.96,21.52,2.93
195,umm lajj,24,SA,1538263277,98,25.02,37.27,80.47,4.5
196,catuday,80,PH,1538263277,100,16.29,119.81,80.2,5.73
197,banja koviljaca,40,BA,1538258400,93,44.51,19.16,51.8,1.12
198,bethel,75,US,1538257980,59,60.79,-161.76,60.08,12.75
199,sebrovo,92,RU,1538263278,91,50.1,43.3,47.08,16.24
200,avenal,1,US,1538261580,32,36.0,-120.13,80.06,5.5
201,panguna,36,PG,1538263279,93,-6.32,155.48,78.85,3.38
202,torbay,90,CA,1538260200,93,47.66,-52.73,62.6,9.17
203,cayenne,0,GF,1538260200,83,4.94,-52.33,80.6,5.82
204,pierre,90,US,1538261580,83,44.37,-100.35,48.92,6.93
205,tura,48,IN,1538262962,98,25.52,90.21,72.28,3.15
206,ocara,68,BR,1538263280,86,-4.49,-38.6,77.5,11.21
207,harpalpur,0,IN,1538263280,50,25.29,79.33,71.29,5.39
208,roma,0,IT,1538261700,48,41.89,12.48,62.6,2.24
209,morganton,1,US,1538261580,75,35.75,-81.69,78.44,2.48
210,pangnirtung,92,CA,1538262761,99,66.15,-65.72,31.24,9.42
211,aksarayskiy,0,RU,1538260200,81,46.79,48.01,48.2,2.24
212,alofi,24,NU,1538258400,65,-19.06,-169.92,78.8,13.87
213,gambela,44,ET,1538263282,86,8.25,34.59,62.02,3.15
214,samtredia,0,GE,1538260200,93,42.16,42.35,59.0,6.93
215,krugersdorp,0,ZA,1538262000,67,-26.1,27.78,57.2,10.29
216,pontarlier,0,CH,1538261400,87,46.9,6.35,46.4,1.36
217,aykhal,68,RU,1538263283,90,65.95,111.51,37.72,2.71
218,beni,20,CD,1538263284,94,0.49,29.47,62.2,2.48
219,lata,0,IN,1538262116,77,30.78,78.62,45.91,2.15
220,tiksi,80,RU,1538262681,95,71.64,128.87,31.42,7.52
221,oktyabrskoye,68,RU,1538263284,48,56.73,85.44,50.95,10.65
222,fontenay-le-comte,0,FR,1538262000,66,46.47,-0.81,53.6,4.7
223,berlevag,92,NO,1538262753,100,70.86,29.09,35.2,14.45
224,whitianga,0,NZ,1538263285,100,-36.83,175.7,58.33,10.42
225,taoudenni,36,ML,1538263286,27,22.68,-3.98,77.59,7.4
226,provideniya,92,RU,1538262615,88,64.42,-173.23,49.24,28.77
227,brae,80,GB,1538261400,61,60.4,-1.35,50.0,24.16
228,batemans bay,0,AU,1538263287,77,-35.71,150.18,56.62,3.38
229,biak,88,ID,1538262992,100,-0.91,122.88,75.16,5.06
230,luderitz,0,NA,1538262571,76,-26.65,15.16,60.49,4.5
231,athabasca,20,CA,1538262883,48,54.72,-113.29,34.75,11.21
232,sydney,20,AU,1538262000,54,-33.85,151.22,60.8,12.75
233,dawei,92,MM,1538262902,93,14.07,98.19,76.69,2.48
234,mackay,40,CA,1538262000,47,53.65,-115.58,37.4,8.05
235,tete,68,MZ,1538263289,49,-16.16,33.59,78.85,17.02
236,rio gallegos,75,AR,1538258400,45,-51.62,-69.22,42.8,8.05
237,nome,90,US,1538261700,88,30.04,-94.42,77.0,4.7
238,ahipara,48,NZ,1538262968,69,-35.17,173.16,61.57,12.55
239,tasiilaq,0,GL,1538261400,50,65.61,-37.64,33.8,2.24
240,bud,92,NO,1538261400,87,62.91,6.91,50.0,24.16
241,ponta delgada,20,PT,1538262000,82,37.73,-25.67,66.2,11.41
242,kodiak,90,US,1538261580,80,39.95,-94.76,62.96,4.7
243,balclutha,44,NZ,1538263291,96,-46.24,169.74,51.04,4.16
244,ishigaki,75,JP,1538258400,69,24.34,124.16,77.0,12.75
245,sinop,20,TR,1538263292,97,42.03,35.15,71.2,7.63
246,tiblawan,0,PH,1538263292,100,6.48,126.11,82.63,4.38
247,college,1,US,1538261880,7,64.86,-147.8,62.24,10.29
248,airai,0,TL,1538262713,59,-8.93,125.41,75.88,2.59
249,ambon,0,FR,1538260200,66,47.55,-2.56,51.8,6.93
250,oistins,40,BB,1538258400,74,13.07,-59.53,82.4,18.34
251,panukulan,8,PH,1538263293,99,14.93,121.81,81.73,10.98
252,yeppoon,40,AU,1538262000,64,-23.13,150.74,73.4,4.7
253,seoul,1,KR,1538261880,93,37.57,126.98,62.6,3.6
254,fayaoue,92,NC,1538263294,100,-20.65,166.53,72.46,18.48
255,muroto,75,JP,1538259420,88,33.37,134.14,78.8,19.46
256,romodanovo,92,RU,1538263295,96,54.42,45.33,38.8,6.06
257,lahore,0,PK,1538260200,88,31.52,74.33,69.8,2.71
258,teguldet,68,RU,1538263295,56,57.31,88.17,48.52,9.53
259,mayo,20,CA,1538258400,35,63.59,-135.9,42.8,2.93
260,baykit,32,RU,1538262914,94,61.68,96.39,39.52,8.97
261,souillac,0,FR,1538262000,62,45.6,-0.6,57.2,3.36
262,lewistown,40,US,1538262900,64,40.39,-90.15,63.68,6.93
263,monze,68,ZM,1538263296,38,-16.28,27.48,77.14,15.12
264,iranshahr,0,IR,1538263297,34,27.21,60.69,55.45,0.69
265,guerrero negro,0,MX,1538263008,50,27.97,-114.04,83.35,9.64
266,iqaluit,90,CA,1538258400,93,63.75,-68.52,35.6,3.49
267,novyy urengoy,64,RU,1538262924,94,66.08,76.63,39.52,9.98
268,thunder bay,75,CA,1538258400,48,48.41,-89.26,44.6,6.93
269,salalah,40,OM,1538257800,83,17.01,54.1,77.0,3.15
270,gwadar,0,PK,1538263298,98,25.12,62.33,76.06,8.19
271,filingue,24,NE,1538263299,66,14.35,3.32,79.84,3.49
272,kailua,20,US,1538258220,76,21.39,-157.74,87.98,6.93
273,salihorsk,0,BY,1538262849,81,52.79,27.54,34.12,4.61
274,howard springs,0,AU,1538262000,45,-12.5,131.05,82.4,12.75
275,houma,0,CN,1538263300,51,35.63,111.36,51.22,4.05
276,kruisfontein,0,ZA,1538262697,81,-34.0,24.73,61.39,18.81
277,fortuna,0,ES,1538262000,88,38.18,-1.13,64.4,2.15
278,lorengau,24,PG,1538262709,98,-2.02,147.27,84.34,12.66
279,bontang,56,ID,1538263301,96,0.12,117.47,82.09,7.07
280,maiduguri,0,NG,1538263301,75,11.84,13.15,75.07,2.71
281,sao miguel do tapuio,12,BR,1538263301,29,-5.5,-41.32,87.31,9.19
282,granada,75,NI,1538258400,88,11.93,-85.96,77.0,17.47
283,katangli,92,RU,1538263302,100,51.71,143.23,46.54,7.96
284,sorland,92,NO,1538262773,100,67.67,12.69,48.43,19.6
285,palmer,1,US,1538261760,69,61.6,-149.11,62.06,5.82
286,altay,0,CN,1538263303,66,47.83,88.13,26.2,2.71
287,fevik,75,NO,1538261400,76,58.38,8.68,51.8,11.41
288,narsaq,92,GL,1538261400,51,60.91,-46.05,37.4,4.7
289,didsbury,75,CA,1538262000,59,51.66,-114.14,37.4,11.41
290,le mans,0,FR,1538262000,61,48.01,0.2,50.0,5.82
291,guarapari,75,BR,1538258400,88,-20.67,-40.5,75.2,5.82
292,mandera,0,ET,1538263305,73,3.94,41.86,77.5,10.2
293,severo-yeniseyskiy,76,RU,1538263305,83,60.37,93.04,42.58,6.73
294,shirpur,0,IN,1538263306,82,21.35,74.88,68.59,2.48
295,santiago,75,CL,1538258400,93,-33.44,-70.65,57.2,2.48
296,chute-aux-outardes,1,CA,1538262000,60,49.12,-68.38,46.4,5.82
297,ammon,75,US,1538261580,3,43.47,-111.97,77.0,5.82
298,port blair,8,IN,1538263308,100,11.67,92.75,83.17,2.59
299,shache,24,CN,1538263308,65,38.42,77.24,44.47,2.59
300,alyangula,0,AU,1538262570,87,-13.85,136.42,81.46,14.56
301,beloha,0,MG,1538262726,82,-25.17,45.06,70.75,20.49
302,yar-sale,76,RU,1538262918,100,66.83,70.83,43.21,17.02
303,alakurtti,92,RU,1538263309,87,66.96,30.34,34.03,8.52
304,coahuayana,20,MX,1538262976,54,18.62,-100.35,80.65,2.04
305,bandar,20,ID,1538263310,71,-4.2,104.14,77.32,5.5
306,vardo,5,US,1538261280,64,39.62,-77.74,73.94,2.59
307,rocha,92,UY,1538262088,97,-34.48,-54.34,65.35,7.18
308,kulu,44,CD,1538263310,97,3.47,23.69,73.09,2.37
309,mehamn,92,NO,1538262682,96,71.03,27.85,36.64,15.01
310,chuy,92,UY,1538262067,97,-33.69,-53.46,66.79,6.17
311,lubango,8,AO,1538263311,95,-14.92,13.49,61.57,0.69
312,cairns,20,AU,1538262000,50,-16.92,145.77,78.8,19.46
313,kabompo,0,ZM,1538263312,34,-13.6,24.21,70.66,13.78
314,gunjur,64,GM,1538263313,98,13.18,-16.76,80.02,5.5
315,erenhot,92,CN,1538263313,91,43.65,111.97,39.79,19.26
316,puerto carreno,40,CO,1538258400,74,6.19,-67.49,84.2,3.36
317,hirara,75,JP,1538258400,69,24.8,125.28,77.0,18.34
318,visnes,76,NO,1538261400,81,59.36,5.22,53.6,24.16
319,khovu-aksy,68,RU,1538263314,94,51.13,93.72,39.25,2.15
320,gamba,36,CN,1538262638,79,28.28,88.52,24.22,1.92
321,copiapo,75,CL,1538258400,82,-27.37,-70.33,59.0,6.93
322,north bend,90,US,1538261760,56,43.41,-124.22,66.92,10.29
323,tulun,8,RU,1538263316,82,54.56,100.58,41.05,5.06
324,yenagoa,88,NG,1538262882,97,4.92,6.26,74.26,3.38
325,nanortalik,92,GL,1538262046,95,60.14,-45.24,37.09,20.15
326,opuwo,80,NA,1538263317,49,-18.06,13.84,66.97,2.59
327,chapais,75,CA,1538262000,93,49.78,-74.86,37.4,2.24
328,saint-leu,80,RE,1538260200,56,-21.15,55.28,69.8,4.7
329,tevaitoa,0,PF,1538263318,100,-16.78,-151.5,77.5,6.4
330,baft,0,IR,1538263318,46,29.23,56.61,33.22,2.59
331,lavrentiya,92,RU,1538262636,88,65.58,-170.99,46.72,22.84
332,kiama,0,AU,1538258400,54,-34.67,150.86,53.6,8.05
333,artigas,56,BR,1538263319,100,-30.4,-56.46,68.77,13.56
334,sampit,0,ID,1538263319,89,-2.54,112.95,78.85,4.61
335,kattivakkam,40,IN,1538262000,83,13.22,80.32,82.4,2.24
336,dospat,92,BG,1538263320,90,41.65,24.16,48.52,3.38
337,alpine,90,US,1538260680,61,43.07,-85.69,53.96,4.7
338,beringovskiy,92,RU,1538262870,95,63.05,179.32,48.7,22.28
339,geraldton,90,CA,1538258400,59,49.72,-86.95,35.6,8.05
340,makubetsu,75,JP,1538260800,93,42.84,143.34,55.4,3.36
341,ulaangom,44,MN,1538263321,76,49.98,92.07,34.21,1.7
342,washougal,1,US,1538261580,58,45.58,-122.35,66.02,3.36
343,ko samui,20,TH,1538262000,83,9.54,99.94,82.4,2.24
344,upington,0,ZA,1538262000,8,-28.46,21.24,66.2,8.05
345,kidal,56,ML,1538263323,53,18.44,1.41,76.42,2.93
346,cumberland,1,US,1538261760,80,41.97,-71.43,71.06,6.93
347,san rafael,0,AR,1538262593,72,-34.61,-68.33,54.55,8.08
348,okhotsk,32,RU,1538263324,86,59.36,143.24,42.76,12.21
349,high level,75,CA,1538262000,51,58.52,-117.13,37.4,6.93
350,lyubech,0,UA,1538263325,84,51.7,30.66,33.4,3.04
351,ulladulla,0,AU,1538258400,54,-35.36,150.48,53.6,8.05
352,myitkyina,64,MM,1538263044,95,25.38,97.4,74.35,2.37
353,constitucion,90,MX,1538257320,53,23.99,-104.67,71.6,6.93
354,tarata,0,PE,1538263326,82,-17.47,-70.03,43.21,1.03
355,usinsk,92,RU,1538263326,97,66.0,57.56,39.43,14.67
356,hoquiam,90,US,1538261580,72,46.98,-123.89,68.0,9.17
357,srednekolymsk,92,RU,1538262699,89,67.46,153.71,34.21,8.08
358,moose factory,90,CA,1538258400,79,51.26,-80.61,37.4,9.17
359,bereda,8,ES,1538262000,87,43.27,-7.54,60.8,1.12
360,riyadh,0,SA,1538258400,22,24.63,46.72,78.8,2.71
361,linares,92,CL,1538263328,93,-35.85,-71.6,44.11,4.05
362,anori,12,BR,1538263328,70,-3.74,-61.66,83.53,2.37
363,sukabumi,12,ID,1538263329,91,-6.92,106.93,69.31,4.61
364,dakoro,8,NE,1538263329,85,14.51,6.76,72.01,3.04
365,katobu,92,ID,1538263329,90,-4.94,122.53,81.37,5.5
366,roebourne,8,AU,1538263330,65,-20.77,117.15,67.69,10.09
367,ewa beach,75,US,1538262420,82,21.32,-158.01,89.06,9.17
368,itatinga,80,BR,1538263330,84,-23.1,-48.61,70.84,8.41
369,northam,0,GB,1538261400,100,51.04,-4.21,48.2,3.36
370,nuevo progreso,1,US,1538261700,63,26.05,-97.95,86.0,12.75
371,isangel,92,VU,1538262880,100,-19.55,169.27,73.27,21.16
372,ceska kamenice,0,CZ,1538261400,80,50.8,14.42,39.2,6.93
373,dingle,64,PH,1538262649,100,11.0,122.67,76.6,4.5
374,noumea,0,NC,1538260200,50,-22.28,166.46,78.8,4.7
375,vaitape,0,PF,1538263332,100,-16.52,-151.75,77.32,5.06
376,tallahassee,20,US,1538262900,70,30.44,-84.28,89.6,2.37
377,escarcega,56,MX,1538263333,97,18.61,-90.75,75.25,1.92
378,sabang,56,PH,1538263334,100,13.72,123.58,79.57,3.71
379,szczytno,0,PL,1538263334,81,53.57,20.99,40.69,10.42
380,bodrum,75,TR,1538261400,78,37.04,27.43,71.6,6.93
381,dergachi,48,RU,1538263334,77,51.24,48.77,49.42,8.75
382,beyneu,68,KZ,1538262577,46,45.32,55.19,59.77,7.96
383,saquarema,75,BR,1538258400,88,-22.93,-42.51,77.0,6.93
384,brenham,75,US,1538261700,94,30.17,-96.4,78.8,4.72
385,lerwick,88,GB,1538261400,61,60.15,-1.15,50.0,24.16
386,half moon bay,40,US,1538261760,47,37.46,-122.43,77.0,8.05
387,san-pedro,80,CI,1538263336,98,4.75,-6.64,75.07,8.41
388,nelson bay,88,AU,1538262000,51,-32.72,152.14,62.6,16.11
389,xining,92,CN,1538263337,92,36.62,101.77,34.75,1.59
390,saint-pierre,0,FR,1538262000,75,48.95,4.24,42.8,5.82
391,digoin,0,FR,1538262000,87,46.48,3.98,48.2,2.93
392,saint-francois,0,FR,1538262000,87,46.42,3.91,48.2,2.93
393,kjollefjord,92,NO,1538263338,96,70.95,27.35,36.64,15.01
394,springfield,1,US,1538261520,61,37.22,-93.29,75.02,10.29
395,alvand,0,IR,1538258400,34,36.19,50.06,68.0,4.7
396,hanzhong,92,CN,1538263340,78,33.08,107.03,57.97,2.04
397,kisangani,68,CD,1538263340,99,0.52,25.21,72.28,2.15
398,vanimo,44,PG,1538262145,100,-2.67,141.3,81.73,10.65
399,margate,20,AU,1538260200,47,-43.03,147.26,57.2,17.22
400,topalu,75,RO,1538262000,71,44.54,28.04,53.6,16.11
401,carballo,0,ES,1538262000,87,43.21,-8.69,64.4,1.12
402,belaya gora,92,RU,1538263341,90,68.54,146.19,31.42,18.03
403,manokwari,80,ID,1538263342,100,-0.87,134.08,82.9,2.15
404,palmas bellas,40,PA,1538258400,83,9.23,-80.09,78.8,8.05
405,la libertad,0,PE,1538258400,13,-16.38,-71.56,68.0,10.29
406,sabinopolis,48,BR,1538263343,75,-18.67,-43.08,73.0,4.05
407,mount gambier,0,AU,1538262642,85,-37.83,140.78,55.63,3.49
408,camacari,20,BR,1538262000,78,-12.7,-38.32,80.6,13.87
409,san miguel,75,AR,1538258400,82,-34.54,-58.72,68.0,6.93
410,sredniy ikorets,92,RU,1538263344,96,51.07,39.76,43.57,7.18
411,vila,0,IT,1538261400,59,45.18,8.4,62.6,9.17
412,kangaatsiaq,88,GL,1538262690,99,68.31,-53.46,36.28,14.23
413,xichang,92,CN,1538262871,99,27.88,102.25,53.2,1.7
414,kamenka,64,RU,1538262952,96,53.19,44.05,39.25,6.06
415,pakala,8,SN,1538263346,91,13.75,-16.36,76.6,6.17
416,maceio,40,BR,1538258400,88,-9.67,-35.74,75.2,4.7
417,vila franca do campo,20,PT,1538260200,88,37.72,-25.43,66.2,8.05
418,sabzevar,0,IR,1538263346,38,36.21,57.68,43.75,3.71
419,cavnic,0,RO,1538262000,80,47.65,23.83,41.0,4.7
420,dwarka,0,IN,1538260200,83,28.58,77.04,78.8,6.93
421,thinadhoo,100,MV,1538263347,100,0.53,72.93,82.54,15.68
422,saint-georges,12,CA,1538262749,80,46.12,-70.67,44.92,3.04
423,haines junction,0,CA,1538262656,40,60.75,-137.51,46.27,2.71
424,mulhouse,0,FR,1538262000,81,47.75,7.34,44.6,3.36
425,qasigiannguit,48,GL,1538261400,47,68.82,-51.19,33.8,12.75
426,energetik,64,RU,1538263349,91,51.74,58.8,46.54,10.2
427,meulaboh,92,ID,1538262908,100,4.14,96.13,75.7,2.48
428,scornicesti,0,RO,1538262000,66,44.57,24.55,53.6,13.87
429,tilichiki,24,RU,1538262700,93,60.47,166.1,42.22,6.4
430,mandan,90,US,1538261520,85,46.83,-100.89,44.96,6.93
431,bathsheba,40,BB,1538258400,74,13.22,-59.52,82.4,18.34
432,yulara,48,AU,1538262000,30,-25.24,130.99,68.0,21.92
433,sinegorye,88,RU,1538263351,93,62.09,150.53,27.64,3.94
434,ornskoldsvik,36,SE,1538261400,93,63.29,18.72,35.6,2.24
435,hay river,75,CA,1538262000,59,60.82,-115.79,37.4,12.75
436,gari,0,RU,1538263352,84,59.43,62.35,41.32,7.63
437,gravdal,92,NO,1538261400,81,59.79,5.78,51.8,24.16
438,plettenberg bay,0,ZA,1538263353,98,-34.05,23.37,62.2,17.81
439,jalu,80,LY,1538263354,39,29.03,21.55,64.54,2.71
440,leshukonskoye,0,RU,1538263354,100,64.9,45.76,32.14,5.06
441,dunedin,88,NZ,1538262871,100,-45.87,170.5,46.45,3.71
442,buchloe,0,DE,1538261400,79,48.04,10.72,42.8,4.7
443,maniitsoq,88,GL,1538263355,95,65.42,-52.9,37.54,13.11
444,nioro,68,GM,1538262962,90,13.79,-15.05,75.88,7.74
445,marsaxlokk,20,MT,1538261100,72,35.84,14.54,68.0,3.36
446,nueve de julio,0,AR,1538263356,29,-31.67,-68.39,66.43,7.18
447,buala,48,SB,1538263356,91,-8.15,159.59,82.9,5.17
448,kiunga,36,PG,1538262885,80,-6.12,141.3,79.3,3.04
449,mangrol,0,IN,1538263357,71,25.33,76.51,65.62,2.48
450,njombe,0,TZ,1538263357,71,-9.34,34.77,59.05,9.42
451,waingapu,0,ID,1538262651,75,-9.65,120.26,79.75,4.61
452,quatre cocos,40,MU,1538258400,83,-20.21,57.76,69.8,12.75
453,mogadishu,92,SO,1538262870,100,2.04,45.34,76.78,13.0
454,touros,92,BR,1538263358,90,-5.2,-35.46,77.59,14.0
455,smithers,20,CA,1538258400,25,54.78,-127.17,51.8,11.41
456,nabire,12,ID,1538263359,84,-3.36,135.5,76.69,1.03
457,ligayan,0,PH,1538263359,100,4.65,119.47,83.89,3.71
458,methoni,75,GR,1538261400,88,36.82,21.7,62.6,27.2
459,havre,90,US,1538261580,75,48.55,-109.68,39.02,16.11
460,kharitonovo,56,RU,1538263360,92,61.4,47.5,35.38,8.41
461,pimentel,20,BR,1538263360,57,-3.7,-45.5,85.51,7.63
462,kedzierzyn-kozle,0,PL,1538262000,92,50.35,18.23,30.2,1.12
463,nanchang,0,CN,1538263361,82,28.68,115.89,69.49,4.5
464,praia,75,BR,1538258400,83,-20.25,-43.81,69.8,10.29
465,anuppur,0,IN,1538263361,84,23.12,81.7,65.8,2.59
466,rio grande,90,BR,1538257500,93,-32.03,-52.1,66.2,23.04
467,bull savanna,36,JM,1538263362,87,17.89,-77.59,76.69,3.04
468,fukue,75,JP,1538260200,94,35.03,136.69,68.0,10.29
469,banjar,56,ID,1538263362,92,-7.37,108.54,71.2,3.38
470,san jose,80,PH,1538262655,97,15.79,120.99,75.52,1.48
471,asyut,0,EG,1538258400,39,27.18,31.19,78.8,14.99
472,broken hill,0,AU,1538263363,43,-31.97,141.45,60.22,11.65
473,tual,0,ID,1538263363,99,-5.67,132.75,80.2,17.47
474,lagoa,0,PT,1538260200,78,37.14,-8.45,71.6,4.7
475,nantucket,90,US,1538260500,77,41.28,-70.1,66.92,8.05
476,gembloux,0,BE,1538261400,75,50.56,4.69,48.2,2.71
477,karasburg,0,NA,1538263364,12,-28.01,18.75,63.82,10.42
478,trastenik,12,BG,1538263365,76,43.52,24.47,55.36,15.57
479,aswan,44,EG,1538263365,35,24.09,32.9,83.26,7.96
480,kudahuvadhoo,76,MV,1538262860,100,2.67,72.89,83.44,17.02
481,sibolga,44,ID,1538262744,100,1.74,98.78,69.13,2.04
482,westport,20,IE,1538263366,98,53.8,-9.52,49.6,10.54
483,dharan,56,NP,1538263366,92,26.81,87.28,67.15,1.92
484,codajas,12,BR,1538263367,70,-3.84,-62.06,83.53,2.37
485,ossora,0,RU,1538263004,100,59.24,163.07,46.09,5.06
486,kloulklubed,75,PW,1538261640,74,7.04,134.26,84.2,10.29
487,inhambane,68,MZ,1538262097,90,-23.87,35.38,71.92,22.62
488,komsomolskiy,92,RU,1538263368,99,67.55,63.78,35.92,18.59
489,barbate,40,ES,1538262000,56,36.19,-5.92,73.4,5.82
490,palatka,1,US,1538262900,74,29.65,-81.64,86.0,8.05
491,santo angelo,24,BR,1538263368,73,-28.3,-54.26,76.42,9.42
492,quelimane,48,MZ,1538263369,89,-17.88,36.89,75.25,10.2
493,sabha,8,LY,1538262861,78,27.03,14.43,66.97,7.18
494,wuhu,0,CN,1538263369,90,31.35,118.43,69.22,7.18
495,bambous virieux,40,MU,1538258400,83,-20.34,57.76,69.8,12.75
496,lac du bonnet,12,CA,1538263370,75,50.25,-96.06,42.4,9.42
497,padang,100,ID,1538262747,100,-0.92,100.36,76.06,1.36
498,alcantara,8,PH,1538263370,92,9.97,123.41,82.99,7.07
499,lebowakgomo,0,ZA,1538262000,62,-24.3,29.54,59.0,9.17
500,port pirie,32,AU,1538262000,51,-33.18,138.01,59.0,10.29
501,kyabe,0,TD,1538263371,79,9.45,18.94,75.52,2.71
502,san carlos,75,VE,1538258400,70,9.66,-68.59,87.8,2.71
503,kamen-rybolov,76,RU,1538263372,100,44.75,132.04,57.88,4.94
504,chuguyevka,36,RU,1538263372,73,44.17,133.87,58.06,3.15
505,vredendal,0,ZA,1538263373,72,-31.68,18.49,47.8,3.04
506,wuwei,56,CN,1538263373,43,37.93,102.64,44.65,7.07
507,ozinki,24,RU,1538263373,84,51.2,49.73,44.29,5.17
508,hastings,0,NZ,1538263374,94,-39.64,176.84,57.34,3.15
509,tateyama,75,JP,1538258400,100,36.66,137.31,62.6,2.24
510,ushibuka,100,JP,1538263374,100,32.19,130.02,72.1,31.23
511,lompoc,1,US,1538260500,47,34.64,-120.46,75.2,9.08
512,astaneh-ye ashrafiyeh,75,IR,1538258400,94,37.26,49.94,69.8,6.93
513,georgiyevka,0,RU,1538263375,92,52.25,40.45,38.98,7.07
514,anadyr,75,RU,1538258400,93,64.73,177.51,50.0,38.03
515,banda aceh,76,ID,1538263376,100,5.56,95.32,75.07,2.15
516,lawton,40,US,1538261760,78,34.61,-98.39,82.94,13.87
517,tezu,68,IN,1538262954,82,27.93,96.16,66.52,1.48
518,kieta,92,PG,1538262978,100,-6.22,155.63,78.67,3.38
519,north platte,1,US,1538261580,59,41.12,-100.77,59.0,12.75
520,portland,75,US,1538261760,56,45.52,-122.67,66.02,3.15
521,amapa,40,HN,1538262000,70,15.09,-87.97,86.0,11.41
522,reo,64,BF,1538263378,94,12.32,-2.47,74.08,5.06
523,bilibino,80,RU,1538262659,91,68.06,166.44,46.0,4.94
524,simbahan,0,PH,1538263379,98,6.3,120.58,84.07,4.16
525,petropavlovsk-kamchatskiy,0,RU,1538258400,72,53.05,158.65,53.6,15.66
526,montes altos,0,BR,1538263379,85,-5.83,-47.07,75.34,2.04
527,chaozhou,0,CN,1538258400,73,23.66,116.62,71.6,4.16
528,asasa,64,ET,1538263380,86,7.1,39.2,42.31,3.38
529,arman,0,RU,1538260200,88,59.7,150.17,41.0,2.24
530,taunggyi,68,MM,1538263380,98,20.78,97.03,67.24,2.71
531,viet tri,0,VN,1538262000,69,21.3,105.43,77.0,4.7
532,nouadhibou,0,MR,1538258400,88,20.93,-17.03,69.8,11.41
533,coihaique,90,CL,1538259900,80,-45.58,-72.07,33.8,12.75
534,krasnoye,0,RU,1538260200,82,44.87,39.46,59.0,4.47
535,naze,80,NG,1538262930,96,5.43,7.07,73.99,4.72
536,alibag,40,IN,1538262000,79,18.64,72.88,84.2,4.7
537,nikolayevka,44,RU,1538263383,94,46.73,38.57,57.97,6.73
538,ville-marie,1,CA,1538262000,65,47.33,-79.44,44.6,8.05
539,flagstaff,1,US,1538261820,26,35.2,-111.65,86.0,19.46
540,kenai,1,US,1538261760,55,60.55,-151.26,60.08,4.7
541,luanda,40,AO,1538258400,88,-8.83,13.24,73.4,5.82
542,chicama,75,PE,1538258400,77,-7.84,-79.15,66.2,11.41
543,zhob,0,PK,1538263385,79,31.34,69.45,43.66,2.48
544,tazovskiy,92,RU,1538263385,92,67.47,78.7,41.59,12.21
545,casas grandes,0,MX,1538263386,28,30.15,-110.24,90.01,2.48
546,kalemie,68,CD,1538263386,94,-5.95,29.2,77.95,1.03
547,nago,5,IT,1538261700,93,45.88,10.89,62.6,2.24
548,kungurtug,36,RU,1538263386,71,50.6,97.53,21.34,1.59
549,jiazi,12,CN,1538258400,100,19.61,110.49,71.6,2.24
